author,id,likeCount,publishedAt,replyCount,replyTo,text
@FahriAjadeh-n9o,Ugwv6X0XDmsxkNdWpwp4AaABAg,0,2025-09-27T10:30:21Z,0,,Yg penting jangan buta hatiiüòÇ
@elitafanyy4932,UgyZrwspr9_NNfaop1Z4AaABAg,0,2025-09-14T14:42:12Z,0,,Yaha aku buta warnaüòä
@lemonjuice1898,UgznWyZMNqnNu5dR-EF4AaABAg,0,2025-09-01T16:01:29Z,0,,"Saya carier, abang saya buta warna (keturunan yg laki semua buta warna). Dan saya punya anak laki2, semoga dia nggak buta warnaü•∫"
@AqilaAurelia-v6x,UgxOTyB4nzscj9MJneJ4AaABAg,0,2025-07-17T07:28:23Z,0,,3 12 27üòû
@Sakarepku85,UgwGIwc543w6AEiSclt4AaABAg,0,2025-06-21T16:58:39Z,0,,"Gara gara buta warna sekunder gw jadi gk bisa masuk smk impian guwahh, padahalmah nilai gw nyampeüò¢üò¢"
@kontensimpell,Ugx4L_BYWukAaN_6u9x4AaABAg,0,2025-06-10T15:30:45Z,0,,Bs diatasi g dok
@Mobilegame-o9u,UgzB25IPyow2PTiOq_Z4AaABAg,0,2025-05-30T08:30:29Z,4,,"Saya bisa melihat semua warna, hanya saja saya tidak terlalu bisa membedakan warna itu buta warna bukan yaüò¢"
@Mobilegame-o9u,UgzB25IPyow2PTiOq_Z4AaABAg.AIjr9TQqYz2AIjrG82vs5R,0,2025-05-30T08:31:24Z,,UgzB25IPyow2PTiOq_Z4AaABAg,Seperti pada gambar yang pertama saya tidak bisa melihat angka di gambar 1 dan 3 kalo gambar ke 2 saya tau
@Mobilegame-o9u,UgzB25IPyow2PTiOq_Z4AaABAg.AIjr9TQqYz2AIjrL16hA79,0,2025-05-30T08:32:04Z,,UgzB25IPyow2PTiOq_Z4AaABAg,Kalau sudah diberitahu angkanya saya baru bisa liat polanya
@Sakarepku85,UgzB25IPyow2PTiOq_Z4AaABAg.AIjr9TQqYz2AJdPxsNCbDd,0,2025-06-21T17:00:03Z,,UgzB25IPyow2PTiOq_Z4AaABAg,"Berarti kau buta warna sama kayak gw bg, cuma yg membedakan gw bisa langsung kelihatan pas awal awal"
@Sakarepku85,UgzB25IPyow2PTiOq_Z4AaABAg.AIjr9TQqYz2AJdQ8Ez2aur,0,2025-06-21T17:01:36Z,,UgzB25IPyow2PTiOq_Z4AaABAg,"‚Äã@Mobilegame-o9u kita sama bg, sama sama buta warna sekunder tapi entah kenapa semua gambar yg ditampilin gw langsung kelihatan walaupun agar samar¬≤"
@hastelgames6969,Ugzu5efVPBtMvtGtfyd4AaABAg,0,2025-03-31T01:09:21Z,0,,Ungu yang mana?
@muhammadhasim2165,UgwJX2ugLHeihDmDNOF4AaABAg,0,2025-03-29T20:15:56Z,0,,Tapi pas kita lihat di hp sama buku beda
@ahmadrazqa-t6l,Ugze0fpYkyPPcI5iws14AaABAg,1,2025-03-18T05:20:18Z,0,,"salah satu ciri orang buta warna parsial ketika orang-orang menyebut warna biru dia menyebut warna hijau begitupun sebaliknya, karena temen gw bgtu beberapa"
@bambangcyrus4329,Ugw90qdM4xKac04_Nw14AaABAg,2,2025-03-18T02:00:25Z,1,,"1:55 aku malahan bisa lihat 2 angka sekaligus üòÇüòÇ Alhamdulillah ya Allah, jelas kali bedanya kak...8 dan 3"
@bambangcyrus4329,Ugw90qdM4xKac04_Nw14AaABAg.AFnBUa-AkjIAFnBeIJIBCW,1,2025-03-18T02:01:53Z,,Ugw90qdM4xKac04_Nw14AaABAg,"Karena angka 8 nya terdiri dari warna kuning dominan dan merah dominan.., nah angka 3 nya dominan agak ke warna merah.., dari awal mataku dan otak ku langsung kebaca 2 angka dalam satu bentuüòäüòäüôèü§≤"
@jackysetyawan,UgzuDBNmOkLP9AIGzG54AaABAg,0,2025-02-20T03:54:36Z,0,,aku gak pernah bilang jika aku buta warna.. tapi di saat aku salah menyebut kan warna di situlah aku di tertawakan.. üò¢üò¢üò¢üò¢üò¢
@letstosee8025,Ugx8CSynhjujLm6kSKR4AaABAg,1,2025-02-18T13:52:39Z,0,,Mahabesar Tuhan menciptakan mata dngn tangkapan keindahan warna warni dunia ini
@pelautrandom,UgxxCnr5ghaqqQ3MrNJ4AaABAg,0,2025-01-30T13:55:30Z,0,,"Saya bisa lihat angka 8/12/29 berarti saya gak buta warna dong,tapi kalau di buku ishihara dokter kadang ada yg tidak bisa saya jawab"
@SoManMania-Official,UgybAByHa_VDyE-qxwN4AaABAg,3,2024-11-19T11:50:24Z,0,,"Saya pernah lihat satu channel namanya bengkel motor ghaib itu mekaniknya buta warna total tapi masih bisa kerja walaupun katanya pernah ditolak dipabrik2 waktu melamar pekerjaan,sering dilihat sebelah mata padahal mereka punya cara sendiri untuk membedakan warna2,semangat saja buat semuanya, jangan minder"
@wahyudissimae,UgyWP-ggXrAG3M5tUHt4AaABAg,0,2024-10-15T01:42:01Z,0,,29nya sy tdk nampak
@mhmdjihadd2095,UgxjUEOmaZkm_ME_Sm54AaABAg,0,2024-09-07T17:10:04Z,0,,Gw bisa liat semua yang di awal vid tapi gw parsial üò¢
@TheGinanjar28,Ugz08_9wnVkiyma3Z3d4AaABAg,0,2024-08-04T06:39:30Z,0,,Sya buta warna parsial tpi bisa jdi graphic design di salahsatu hotel bintang 5 sejauh ini gak ada komplen masalah warna di desain2 sya kok.
@mochshodikin606,Ugxcws7cK0TmAl9mciF4AaABAg,0,2024-06-13T17:44:22Z,0,,3 12 10 parsial akut gw asli
@SltnTempest01.,UgyKVPAXQJ9c7Ut7_pZ4AaABAg,1,2024-06-05T04:47:42Z,1,,"Buta warna total tuh maksudnya yg bener gmn ya, gw habis cek up mata tes buta warna gw gatau angka angka nya brp aja cuma liat warna warna doang kek kuning hijau merah oren dan semacamnya terus katanya dibilng buta warna total tapi disini penjelasan nya buta warna total hanya bisa liat abu abu putih ma hitam, tapi kenapa gw bisa liat semua jenis warna ya kek ungu biru tua biru biru langit merah pink hijau kuning oren coklat hitam putih abu abu krem dan sebagainya emng kek gitu tetep buta warna total?"
@nurjanah4811,UgyKVPAXQJ9c7Ut7_pZ4AaABAg.A4I3HXkzXb4AJs5nPBx004,0,2025-06-27T09:52:29Z,,UgyKVPAXQJ9c7Ut7_pZ4AaABAg,Sama bro
@sugandi7749,UgxYn648co9By-xSkeN4AaABAg,1,2024-05-30T14:14:53Z,0,,trimakasih ilmunya bu
@joniiskandar2068,UgztQJJMugFgSULR9WN4AaABAg,0,2024-05-11T01:29:39Z,0,,Aku bt warna parsial merah dan hijau bagi aku si tdk masalah tp kalo nyari kerja susahüò¢üò¢
@sarahkhobibah3472,UgyFIS_eOzzjX4xlKbh4AaABAg,0,2024-05-06T11:36:40Z,0,,Daerahku banyak yg mengalamj buta warna Tp defaco tua smp muda terkena. Anehnya kyk msh akut(kumat lumayan)
@Mamahjaini124,Ugw98OisdVhtbbNoiCx4AaABAg,2,2024-04-12T19:29:20Z,0,,"Jangan putus asa bagi yg buta warna,,,,jika kita menyerah atau ragu disitu lah cita cita kita tidak maju"
@causeeuphoria-fIw,UgymABX1jVWDT3bJAKt4AaABAg,0,2024-03-14T10:33:18Z,0,,Animasinya keren. Infografis dan narasi mudah dipahami.
@catatanrahman,UgwG9u46nYmA4MJHBCZ4AaABAg,0,2024-03-14T05:12:27Z,0,,"Yg awal video mah emg kliatan tes yg mudah.
Tapi klo pas tes buta warna lebih susah dari itu üòÇ
Sya juga buta warna parsial tapi bisa liat angka di awal video"
@EdwardLouis-g9k,UgyKEXQ69_JEZaXFqJh4AaABAg,20,2024-01-16T04:32:51Z,3,,"Pupus cita2 setelah tau 
Saya parsial mata

Tp tuhan punya rencana lagi pasti nya dalam hidup
Dan saya sangat bersukur parsial di banding saya tidak bisa melihat sama sekali

Terima kasih tuhan"
@rahmatarrahman5394,UgyKEXQ69_JEZaXFqJh4AaABAg.9zbyVUJIwvdA2U1_epmjcd,0,2024-04-21T03:20:56Z,,UgyKEXQ69_JEZaXFqJh4AaABAg,Saya juga bw parsial. Tapi sekarang setiap tes bw lolos.
@RizkiFaujan-oq6gp,UgyKEXQ69_JEZaXFqJh4AaABAg.9zbyVUJIwvdA30TGj4Vn3y,0,2024-05-04T12:17:04Z,,UgyKEXQ69_JEZaXFqJh4AaABAg,"‚Äã@rahmatarrahman5394gimana cara nya bang?
dihapal?"
@sugiartounggulpangestu2185,UgyKEXQ69_JEZaXFqJh4AaABAg.9zbyVUJIwvdA3kUz1H91jh,0,2024-05-22T18:36:17Z,,UgyKEXQ69_JEZaXFqJh4AaABAg,‚Äã@rahmatarrahman5394pake soflens apa di hafalin bang?
@herudwinugroho1844,UgyqlBSs1FeXlkff2I14AaABAg,6,2023-12-21T06:06:36Z,1,,"Tes buta warna kurang akurat menurut saya, jujur saya buta warna parsial, tapi saya tetap bisa melihat semua warna, dan bisa membedakan nya"
@franklalamentik8315,UgyqlBSs1FeXlkff2I14AaABAg.9y_BZM1t5hlAEuX8v5PYVo,0,2025-02-24T01:52:59Z,,UgyqlBSs1FeXlkff2I14AaABAg,Jadi tes yang akurat apa dong?
@ranto6768,UgyF1uQyb47avWjKafN4AaABAg,0,2023-12-01T01:35:19Z,0,,.
@AdrianSimbolon-z4u,Ugzy1unv_hHRprXoXe14AaABAg,0,2023-11-07T04:27:46Z,1,,"Aku masih remaja, tapi menderita buta warna, masih juga 18 tahunüò¢"
@dit9913,Ugzy1unv_hHRprXoXe14AaABAg.9wniGxtjYV_9xbxLNEqpXp,0,2023-11-27T11:19:57Z,,Ugzy1unv_hHRprXoXe14AaABAg,Semangat bro optimis üî•üî•üí™
@Storyline_Entertainment,UgxfuJ8-HnfAwsYHCkl4AaABAg,0,2023-11-05T16:57:51Z,1,,"cita""ku hancur hanya karena bt warna. pdhal sy bisa melihat warna.  bajingan"
@Kindestachanel,UgxfuJ8-HnfAwsYHCkl4AaABAg.9wjuWyUq0RZAHT0OKBz30g,0,2025-04-28T13:42:11Z,,UgxfuJ8-HnfAwsYHCkl4AaABAg,Pas mau daftar kerja ya bang
@TowerOfbug,UgyaA9XqsEtcjc-pth94AaABAg,0,2023-11-01T08:05:41Z,0,,"Di awal video zy cma liat angka 3,12,70"
@fortuneball3343,UgwY8Ll32crjQJoA4Pt4AaABAg,0,2023-10-22T12:02:55Z,0,,bisa kah saya mendapatkan vidio ini?
@BayuDwiSetiyoAji4349,UgxjpWSiQE8ptVREeVp4AaABAg,0,2023-10-07T00:13:04Z,0,,Apa bisa lolos TNI soalnya saya parsial tapi saat kes lewat tapi gagal di parade
@Raione18,Ugz-MWwHNhvR0zgyfS14AaABAg,1,2023-06-25T12:11:44Z,0,,Berarti kalau buta warna parsial bisa di pakaikan kacamata buta warna atau lensa kontak khusus buta warna parsial yah?
@egijuliansyah9778,UgzuXYMimJk3nbvu6814AaABAg,1,2023-06-23T15:27:55Z,1,,Bisa di obati gak kak?
@edyiswarno515,UgzuXYMimJk3nbvu6814AaABAg.9rJ7v7gsJW2A1wW0AuD4JQ,0,2024-04-07T17:33:25Z,,UgzuXYMimJk3nbvu6814AaABAg,Nggak akan pernah bisa.karena buta warna adalah salah satu cacat fisik.
@zamr31,UgyWK84T_gZ0VDCrvNB4AaABAg,0,2023-06-16T03:32:15Z,1,,Saya cuma bisa menjawab 1
@Jualkamerabandung,UgyWK84T_gZ0VDCrvNB4AaABAg.9r-pSGkS6IWA8M4rr78LPE,0,2024-09-14T04:24:04Z,,UgyWK84T_gZ0VDCrvNB4AaABAg,Sama
@supiandjailani662,UgxfhyjuuRAozAPICmh4AaABAg,0,2023-05-04T11:49:51Z,0,,Mau tanya sampai keturunan berapa bebas dari buta warna?
@yinyang5025,UgyaAwylv_0L4-qxoKJ4AaABAg,0,2023-04-27T12:00:29Z,0,,"Ibu saya kalo marah sering pukul mata saya, tapi gak papa, apakah saya mengelami buta warna"
@SEINN_Sangatsigma,UgyBv4g1JDYFwbkgNs14AaABAg,0,2023-04-24T14:21:18Z,0,,Ternyata aku buta warna biru kuning too
@RdJk-vr2qb,UgxJTw8p5R2rkltcg1J4AaABAg,0,2023-01-02T04:16:39Z,0,,Saya kesini gara2 drakor haha
@asenkurniawan1560,UgyaZMDQB6VFn3CoO-h4AaABAg,0,2023-01-01T02:34:29Z,0,,Aku nggak buta warna
@Dbtonikiz1,Ugz8Ex-bV0i3OADoGX14AaABAg,0,2022-10-31T10:00:25Z,1,,apakah buta warna parsial di kategorikan ke unfit
@edyiswarno515,Ugz8Ex-bV0i3OADoGX14AaABAg.9hqRcrr7f7OA1wVxDYpb1F,0,2024-04-07T17:32:53Z,,Ugz8Ex-bV0i3OADoGX14AaABAg,"Yes,Color Vision For Electrician And Driver Only."
@fanadimensi4485,Ugzvv315Za2Y984JiQ14AaABAg,0,2022-10-02T09:58:18Z,0,,Bisa tapi kalo dipaksakan detail sakit
@zoyutv520,UgzsArrpXTDXhRfpQ3t4AaABAg,1,2022-08-31T03:12:17Z,0,,Saya sangat suka animasinya
@norifansyah4552,UgyLruy5O63u5ElXcEx4AaABAg,1,2022-08-25T14:08:05Z,0,,Terimakasih atas kontennya saya sebagai seorang buta warna sangat terbantu
@rifalkhoirul7628,UgwzASg4iy44PC_qJ2l4AaABAg,0,2022-08-18T06:50:21Z,0,,Buta warna parsial apa bisa d sembuh
@arcyz,UgyEpSd-JC-CfcM7ySF4AaABAg,0,2022-06-21T11:26:51Z,0,,Kok saya bisa lihat semua angka yang pertama di beri tapi saya ke dokter bilang saya buta warna total
@BEJirka,Ugwyd0SBDKqsbPs1V8x4AaABAg,1,2022-06-20T17:06:02Z,0,,Semoga saat lulus tes buta warnaüôè
@jokoirianto6900,Ugw7fSwIezvqHwsqx494AaABAg,0,2022-06-04T08:52:54Z,0,,Gagal jantung.
@ferdinanmanik4372,UgwB5FXwcCP9QRmY-L54AaABAg,0,2022-06-03T10:17:31Z,0,,Bisa
@fadil7610,UgxuB9ns24b18isleF14AaABAg,0,2022-06-01T10:52:47Z,0,,Untuk angka terakhir tidak terlihat dok
@latest-_-6622,UgzQ8mHC4OACySJyxhZ4AaABAg,0,2022-05-31T09:10:56Z,0,,Kulit manusia coklat kok disebut hitam kenapa tak disebut buta warna
@edwardforger3184,UgwoYklgArH2H0xVuCx4AaABAg,2,2022-05-27T08:07:42Z,0,,suka banget sama animasinya
@oiinani8723,Ugw-YwFzcsNYLBMIo794AaABAg,0,2022-05-22T11:31:30Z,1,,Dok saya buta warna:)
@axleYi,Ugw-YwFzcsNYLBMIo794AaABAg.9bKTHEm-zi_9bNALyaK19w,0,2022-05-23T12:43:50Z,,Ugw-YwFzcsNYLBMIo794AaABAg,üìâüóø
@candrabengkulu484,UgypETpozU8hFKXGEGx4AaABAg,0,2022-05-20T18:36:50Z,2,,kenapa orang buta warna gak bisa daftar TNI Ataupun suatu pekerjaan tertentu
@davitsetiawan3395,UgypETpozU8hFKXGEGx4AaABAg.9bG4Mg3U8qq9o3M-sFQH4z,0,2023-04-03T22:49:00Z,,UgypETpozU8hFKXGEGx4AaABAg,"entah lah bang sedih juga rasanya, kalo buta warna total sih masuk akal klo gak boleh
tapi buta warna parsial normal2 aja gwe rasa kok..bahkan untuk ngebedain atau ngebaca warna aja gampang kok kayak orang normal, aneh aja klo buta warna parsial di pandang sebelah mata banget di industri"
@muhammadhaekalmahmud8022,UgypETpozU8hFKXGEGx4AaABAg.9bG4Mg3U8qq9qFprOX9F-0,0,2023-05-28T12:12:15Z,,UgypETpozU8hFKXGEGx4AaABAg,Iya bang gw gugur d polisi
@tegargeming3713,UgwPhDm0Mk2AbFTgZZh4AaABAg,0,2022-04-25T07:26:49Z,0,,bagus saya paham ko
@anggapelor,UgwpH-EACeBfLitR5GF4AaABAg,0,2022-03-30T10:14:24Z,0,,"Temen online gua ada yang buat waran, kalo dia liat huruf Awal dia GK tau isi huruf tersebut"
@gilangrizkyramadhan2964,UgyEuxFKxuf4YceQdpN4AaABAg,0,2022-02-21T12:32:25Z,0,,Yg diawal yg keliatan cuma 12
@Ikhwan_Chanel,UgxSCvU8S8ddmXZJi4B4AaABAg,0,2022-01-26T04:08:43Z,0,,"Brati saya buta warna hijau, merah"
@yunknown12,UgzTena3QJCjylUbApx4AaABAg,0,2022-01-13T13:38:13Z,0,,bagus bagus bagus
@gamerminecraft7579,Ugx4ZTPw0ubrQ4VRtSV4AaABAg,0,2022-01-10T04:50:48Z,0,,4:00
@c_1273,UgwuEMZIRX1dWuGYlYd4AaABAg,0,2022-01-03T11:02:05Z,0,,8 12 29
@aizzyoutuberkecil7217,UgyQlMR3NNvFNFZYfOR4AaABAg,0,2022-01-02T11:05:42Z,0,,Bisa eliat angka 8 12 20
@enysusilawati6527,Ugw0w-iSatzlUnUAFkB4AaABAg,1,2022-01-01T22:39:13Z,0,,0:09 aku keliatan sedikit tapi bisa melihat
@resty.,Ugykp8AuGXlgeP0joEd4AaABAg,1,2021-12-31T15:13:52Z,1,,"Jika saya demam. Maka warna lampu yang berwarna putih  seakan menjadi kuning. Warna kuning akan menjadi abu2 kehijauan.. 
Apakah itu termasuk gejala buta warna. 
 Tapi saat biasa saya bisa membedakan dengan jelas semua warna"
@davitsetiawan3395,Ugykp8AuGXlgeP0joEd4AaABAg.9WcDqdEQnXk9o3M6VVV-3G,0,2023-04-03T22:49:54Z,,Ugykp8AuGXlgeP0joEd4AaABAg,coba tes buta warna ishihara
@saedahmobin512,Ugz5RhoeyCkN4Vkp4kF4AaABAg,0,2021-12-31T08:29:53Z,0,,"Akak tolong dong cerita tentang ular gimana bisa gerak gitu bole?


üëá"
@edwardlouis5381,UgzHJQd0wO6cuRn1GzJ4AaABAg,13,2021-12-29T10:42:10Z,0,,"Saya bersukur sama tuhan
Karena memberikan mata yg indah ini
Walaupun saya parsial warna(buta warna 1/5)
Masih bynk ada yg total buta"
@GrayRaven2,UgzaqI5SrXa27BZ1__14AaABAg,2,2021-12-28T14:52:28Z,8,,"Kalau ibunya buta warna, bapaknya normal. Apakah anak2nya ada kemungkinan buta warna juga.
Mohon penjelsannya dok üôèüèª"
@candikahandaru8251,UgzaqI5SrXa27BZ1__14AaABAg.9WVT0MP93Az9cm8F-l5jm3,0,2022-06-27T11:17:04Z,,UgzaqI5SrXa27BZ1__14AaABAg,Bisa kak tapi ada chance nya 50% menderita baik laki maupun perempuan kalau ibunya buta warna bapak ny engga
@GrayRaven2,UgzaqI5SrXa27BZ1__14AaABAg.9WVT0MP93Az9cmFN0uR6PT,0,2022-06-27T12:19:19Z,,UgzaqI5SrXa27BZ1__14AaABAg,"@candikahandaru8251 wah... makasih banget penjelasannya.. üôèüèª
Jadi bisa tau, ada kemungkinan juga klo ibunya buta warna"
@candikahandaru8251,UgzaqI5SrXa27BZ1__14AaABAg.9WVT0MP93Az9d3FoZrgutb,0,2022-07-04T12:09:33Z,,UgzaqI5SrXa27BZ1__14AaABAg,@GrayRaven2  evaluasi kak anak laki2 nya buta warna cewe nya karier(bawa gen tapi ga buta warna
@GrayRaven2,UgzaqI5SrXa27BZ1__14AaABAg.9WVT0MP93Az9d3HOA5z-s6,0,2022-07-04T12:23:17Z,,UgzaqI5SrXa27BZ1__14AaABAg,"@candikahandaru8251 oh jadi kalo ibunya buta warna
Anak lakinya kemungkinan buta warna
Anak cewenya karier, gitu ya??"
@GrayRaven2,UgzaqI5SrXa27BZ1__14AaABAg.9WVT0MP93Az9d3HQyUJP_m,0,2022-07-04T12:23:40Z,,UgzaqI5SrXa27BZ1__14AaABAg,"@candikahandaru8251 btw anak sy laki, perempuan"
@dadargengjetv144,Ugx4Ba3JE2lUsjkpUK94AaABAg,0,2021-12-28T07:18:16Z,0,,Aku bisa
@jajangbacok2678,Ugx6ULbew1Nr_ebHXZp4AaABAg,0,2021-12-27T20:46:26Z,0,,kalau aku s buta warna turunan dok
@eagleff1607,Ugz8gPJKCjwEl_dOJEV4AaABAg,0,2021-12-26T23:42:38Z,1,,Kalo buta map gimana tuh
@rifaldofrima7289,Ugz8gPJKCjwEl_dOJEV4AaABAg.9WRG5auUem99Wm-TGq0Upv,0,2022-01-04T10:20:36Z,,Ugz8gPJKCjwEl_dOJEV4AaABAg,üóø
@assyihab,Ugz1gLrwi8_zzSEKuwR4AaABAg,1,2021-12-26T16:12:14Z,0,,aku klo liat sisi terang tentaang warna lvl hard ko gk bisa bedain ya apakah saya buta warna ?
@gamerpemula8232,UgzKX5IwDNgm07DCQ-14AaABAg,3,2021-12-25T03:57:30Z,0,,Gw buta warna
@idoymelehoy,UgyZvR43kdNigd8csGl4AaABAg,1,2021-12-24T11:02:41Z,0,,Gw emang gak buta warna tapi gw buta cinta kawan
@Novemas12,UgzU5yjubfwfKZx6VlN4AaABAg,1,2021-12-24T07:13:33Z,0,,"Madura bi lek:
Hijau itu biru"
@meihandayani6568,UgxanLfgIz7URpAOxQl4AaABAg,1,2021-12-24T01:54:00Z,0,,terimakasih min penjelasannya ü•∞‚ù§Ô∏è
@lxxzy6643,UgxfZMfSIl3RTcm6ryN4AaABAg,0,2021-12-23T10:38:07Z,0,,Ezee
@DikaElixir,Ugy5Ia1-CNNqoPHxL-R4AaABAg,1,2021-12-23T10:02:35Z,0,,Min tutor ngilangin hitam¬≤ dibawah mata (mata panda) akibat radiasi dari handphone
@randomchanel9110,UgyoLykYyzAsZRdU3MF4AaABAg,0,2021-12-23T03:49:31Z,0,,Min riques apakah pikun di usia muda apa bisa sembuh
@fajarmaulana3357,Ugx9Kq8CrYFYngbzjSp4AaABAg,4,2021-12-22T11:14:46Z,0,,dok tolong bahas tentang keringat berlebih di muka leher sama badan dong
@toddkun4642,UgzWLftfz_OCwhx9vvF4AaABAg,2,2021-12-22T10:05:16Z,2,,Ternyata aku buta warna merah hijau üòÖ karna aku melihat angka 3 tapi aku udah sadar si buta warna dari kecil kakaku cowo buta warna jg tapi adikku cewe enggak buta warna. Cuma sekarang aku baru tahu kalo buta warna hijau
@Storyline_Entertainment,UgzWLftfz_OCwhx9vvF4AaABAg.9WFVN_1AGtw9wjvAc-OP5i,0,2023-11-05T17:03:32Z,,UgzWLftfz_OCwhx9vvF4AaABAg,"ya tp kan elu bisa melihat warna hijau bree.. hijau daun hijau stabilo hijau dongker hijau ular & hijau segala hijau.. rasanya jd pengen mencekek itu yg buat buku bree,."
@edyiswarno515,UgzWLftfz_OCwhx9vvF4AaABAg.9WFVN_1AGtwA1wWA75GKZ-,0,2024-04-07T17:34:47Z,,UgzWLftfz_OCwhx9vvF4AaABAg,Cacat mata 90% hinggap dianak laki laki
@teguhjulisaputra4066,UgxUSkp1X3Elc8ePtEp4AaABAg,0,2021-12-22T07:47:41Z,0,,Cara ngilangin tim yg buta map gmn dok
@Alepp_101,UgyHcc0tGQ4nazTCgut4AaABAg,1,2021-12-21T11:54:38Z,0,,"Wah gitu ya. 
Terima kasih banyak
Gw juga mau rasa pengalaman menjadi buta warna juga."
@javierrzb,UgymoA5DcbxFjdvYFgZ4AaABAg,0,2021-12-21T11:23:43Z,0,,Bahas bekas jerawat min
@ItzEcaa10,UgxMNKk2j77kj7b6OPh4AaABAg,2,2021-12-21T11:01:25Z,0,,Alhamdulillah gak buta warna
@afiqiroziky2590,UgyOcD21RXLFS5UAwXp4AaABAg,0,2021-12-21T03:51:38Z,0,,Karen q cek kesehatan q ngk faham itu kalau ada warnanya...ternyata q di cap sebagai buta warna sernier hmmmmmmm
@divah11,Ugx-ULE7WNJeeNJzAC14AaABAg,1,2021-12-20T15:47:17Z,0,,"Gwa nebak yang di thumbnail aja, ANGKA 4 dan 13 üëç"
@scalefadr,UgwvpvI8qVYDbCQWmfR4AaABAg,1,2021-12-19T13:40:58Z,1,,"Teman gua masih SMK udah buta warna ,gabisa bedain hijau ,merah ,biru ,coklat ,dll

Gua heran kok bisa gitu
Setelah nonton dichannel ini allhamdulillah jadi tau"
@davitsetiawan3395,UgwvpvI8qVYDbCQWmfR4AaABAg.9W89fjkcqsu9o3LhYbB6C2,0,2023-04-03T22:46:21Z,,UgwvpvI8qVYDbCQWmfR4AaABAg,seriusan bang? gak bisa bedainnya tuh bener2 gak bisa atau pas tes metode ishihara doang?
@aris152,UgxJhZKoE6tOa-DU3AF4AaABAg,0,2021-12-16T19:46:30Z,0,,Aku gak bisa liat perpaduan warnah merah mudah 8 dikira 3
@BtsArmy-kr9zw,UgzWpfDvEWJhJ_UOoql4AaABAg,0,2021-12-15T21:58:44Z,0,,Cara menghilangkan komedo dong kak:(
@fauziadam1096,Ugzs6HArc7cn2F_6vlR4AaABAg,2,2021-12-15T21:03:37Z,0,,Kalo saya dok..hanya bisa membedakan warna cerah aja.. kalo warna coklat dengan merah kadang aga sulit
@jhidyiron2609,UgxDkN129_qmlzRZImF4AaABAg,0,2021-12-15T08:05:56Z,0,,keren
@selielsa5688,UgzeU1PmbnGvmazdsGR4AaABAg,52,2021-12-15T01:54:32Z,12,,Selalu di pandang sebelah mata yg buta warna saat melamar kerja di pabrik¬≤ .
@davitsetiawan3395,UgzeU1PmbnGvmazdsGR4AaABAg.9Vxae6qW2DX9o3LTmPMdQP,6,2023-04-03T22:44:20Z,,UgzeU1PmbnGvmazdsGR4AaABAg,wkwk padahal mah tetep bisa bedain warna secara normal yahh
@suwandiramadhan,UgzeU1PmbnGvmazdsGR4AaABAg.9Vxae6qW2DX9pqPiw6WEXM,3,2023-05-18T05:54:55Z,,UgzeU1PmbnGvmazdsGR4AaABAg,@davitsetiawan3395 iya wkwk kadang suka kesel kalau temen nanya ini warna apa itu warna apa
@Storyline_Entertainment,UgzeU1PmbnGvmazdsGR4AaABAg.9Vxae6qW2DX9wjukeGMsVe,1,2023-11-05T16:59:52Z,,UgzeU1PmbnGvmazdsGR4AaABAg,‚Äã@suwandiramadhanuppercut aja
@edyiswarno515,UgzeU1PmbnGvmazdsGR4AaABAg.9Vxae6qW2DXA1wVB9qjpi_,0,2024-04-07T17:26:11Z,,UgzeU1PmbnGvmazdsGR4AaABAg,‚Äã@davitsetiawan3395yess...itu adalah pengetahuan warna.
@edyiswarno515,UgzeU1PmbnGvmazdsGR4AaABAg.9Vxae6qW2DXA1wVGVxu9k9,0,2024-04-07T17:26:54Z,,UgzeU1PmbnGvmazdsGR4AaABAg,‚Äã@suwandiramadhanbiasanya penderita buta warna suka malu nanya warna ini itu.
@aanpoding67,UgzefidadrhF1wRmmVp4AaABAg,0,2021-12-14T16:43:17Z,0,,Udah 1 bulan nga ada channel  üòÜ
@KyyanandaChannel,Ugy6UOwQArWwR2GmvZl4AaABAg,9,2021-12-14T12:22:05Z,0,,"Terimakasih dok, sering sering upload tentang kesehatan sehari-hari dok. üôè"
@dianekawati3142,UgyTPtyTQ-DAa0kf_MB4AaABAg,2,2021-12-14T12:17:48Z,0,,gambar nya jelas kak
@blweth,UgxSlzNnP72j6KcJbiB4AaABAg,0,2021-12-14T05:14:15Z,0,,"Temen gw ada yang buta warna full sih,pas di tes di sekolah katanya dia buta warna gk tau warna di dalam tes mata itu"
@blweth,UgzGXDOhwPm4D0Ev0Fp4AaABAg,0,2021-12-14T05:13:53Z,0,,P
@muhartini7766,UgzYVDpV49974Lnf5L94AaABAg,5,2021-12-14T04:53:13Z,0,,Min bahas cantengan dan cara mengatasinya dong
@doniputra2849,UgwjDjDEq2E0Pvn1FQR4AaABAg,6,2021-12-13T23:50:34Z,1,,"Kalau divideo ini saya bisa melihatnya dengan jelas,tetapi saat saya tes mendaftar pekerjaan waktu itu,saya kesusahan untuk melihat angkanya,alhasil saya ditolak karena itu.üòûüòû"
@yemo5316,UgwjDjDEq2E0Pvn1FQR4AaABAg.9VunfHai-AO9ph8kb-179p,0,2023-05-14T15:33:26Z,,UgwjDjDEq2E0Pvn1FQR4AaABAg,"Menurut lu jelas, krn lu gk sadar aja klo yg org normal lihat itu fk sama dgn apa yg lu liat."
@samuelwawirahi5322,UgxX3ehsB6I7o2p9J0h4AaABAg,1,2021-12-13T05:35:36Z,0,,Aq jd ngerti ttg buta warna.. terima kasih dokter ilmunya üôè
@gungdevina6481,UgxyCX-eAgEhWvqhZXV4AaABAg,3,2021-12-13T05:28:54Z,1,,Informasi yang sangat informatif. Terima kasih ini kata dokterüôáüèª‚Äç‚ôÇÔ∏è
@tigerblack9477,UgxyCX-eAgEhWvqhZXV4AaABAg.9VspaVtckHp9W8B15a_4Cz,0,2021-12-19T13:52:45Z,,UgxyCX-eAgEhWvqhZXV4AaABAg,I love you
@idabagusgedehendrakusuma486,UgzNRwR0oPpGVDFCd8p4AaABAg,1,2021-12-13T05:26:07Z,0,,Mantap bangett üôèüëçüòÅ
@sigmamemeindonesia9687,UgxaRtxKedrwG0ug_6J4AaABAg,0,2021-12-13T02:00:08Z,0,,"3,12,30"
@TEBARCREATIVE1,UgzOf5ybRKM03uD43ZR4AaABAg,5,2021-12-12T13:37:09Z,0,,Sungguh begitu penting kesehatan mata. Bila kerusakan maya karena keturunan amat sangat menyedihkan sbb sulit di sembuhkan.
@goku1620,UgxRYB4ZRW1iKULmWih4AaABAg,0,2021-12-11T10:03:55Z,0,,Eh dok apa penyebab buta
@hurufkeduadariAkhir,UgzGaHjf1i-r6gPcpy94AaABAg,2,2021-12-11T08:21:09Z,1,,"Setelah angkanya dibilang jd jelas kulihat, 
Tp sebelum di bilang aku tak tau bahkan gak tau ada angka disana..."
@edyiswarno515,UgzGaHjf1i-r6gPcpy94AaABAg.9VnziKLD9E2A1wVd2T9v0J,0,2024-04-07T17:30:07Z,,UgzGaHjf1i-r6gPcpy94AaABAg,"Un fit,color vision for electrician and driver only."
@mrisr-ro3ho,Ugz90m4RRd_ntJGbALt4AaABAg,4,2021-12-11T06:28:03Z,0,,Alhamdulillah normal ya Allah üò≠
@reynaldiarfi3821,UgwzRLnmsXZ7pjIby4d4AaABAg,4,2021-12-11T05:05:24Z,0,,Makasih dok atas penjelasan nya saya juga termasuk orang yang buta warna parsial
@rioari2703,UgxnNGCISCw0POITSdd4AaABAg,1,2021-12-11T04:10:55Z,5,,buta warna dapat di sembuhkan ga yaa?
@emlhly_588,UgxnNGCISCw0POITSdd4AaABAg.9VnY4XC6fj19VqeSWRjWo2,0,2021-12-12T09:13:04Z,,UgxnNGCISCw0POITSdd4AaABAg,Nitip penjelasan
@sigmamemeindonesia9687,UgxnNGCISCw0POITSdd4AaABAg.9VnY4XC6fj19VsSlhLPatJ,0,2021-12-13T02:00:43Z,,UgxnNGCISCw0POITSdd4AaABAg,Pake kacamata enchroma
@suhara3000,UgxnNGCISCw0POITSdd4AaABAg.9VnY4XC6fj19VzB_0wkz3a,0,2021-12-15T16:45:07Z,,UgxnNGCISCw0POITSdd4AaABAg,"tidak bisa itu, itu udah dari gen nya, mungkin suatu saat di masa depan dengan rekayasa genetik bisa. btw saya buta warna merah-hijau, paling pake kacamata khusus itu juga tidak menyembuhkan hanya membantu beberapa warna jadi agak jelas."
@tigerblack9477,UgxnNGCISCw0POITSdd4AaABAg.9VnY4XC6fj19W8BiSY1nhj,0,2021-12-19T13:58:49Z,,UgxnNGCISCw0POITSdd4AaABAg,"Bisa tapi obat nya d konsumsi setiap hari 3x sehari.




Obat nya d app tiktok."
@barcant3135,UgxnNGCISCw0POITSdd4AaABAg.9VnY4XC6fj19W_N6iBenqY,0,2021-12-30T12:37:07Z,,UgxnNGCISCw0POITSdd4AaABAg,"Kalau buta warna akibat kebiasaan sehari-hari sih mungkin bisa lah ya. 
Tapi kalau faktor keturunan kyaknya susah deh."
@anekabelajar158,UgyToGUskESwSIdQyOt4AaABAg,22,2021-12-11T01:05:00Z,0,,"Terimakasih dok, 
Sangat bermanfaat dan memberikan motivasi kepada temn2 agar lebih menjaga kesehatan mata maupun tubuh kita üòÅ"
@hann38,UgzFCkD7jEckHlB2JuZ4AaABAg,2,2021-12-11T00:13:25Z,0,,Ga jelas soalnya pake 144p ü•∫*hemat kuota
@ahmd_adty_prtm,UgzjIA9gPqYHUu2gK-54AaABAg,4,2021-12-10T15:44:01Z,2,,Utamanya termasuk ke materi pewarisan sifat kelas 9 ke kelainan dari keturunan
@saifulh6050,UgzjIA9gPqYHUu2gK-54AaABAg.9VmCb4lRwDe9VrG7zkmm6h,0,2021-12-12T14:51:03Z,,UgzjIA9gPqYHUu2gK-54AaABAg,Iya wkwk
@Fr_iiz,UgzjIA9gPqYHUu2gK-54AaABAg.9VmCb4lRwDe9W9xW8tZaVD,1,2021-12-20T06:24:24Z,,UgzjIA9gPqYHUu2gK-54AaABAg,Yepp sangat betul dan pastinya belajar sistem reproduksi üóø
@muhammadkhairulhuda7537,UgzcKwj-XRQNLItGBBV4AaABAg,3,2021-12-10T13:13:45Z,1,,Saya buta wara merah hijau brti dok.. terima kasih penjelasannya dok
@tigerblack9477,UgzcKwj-XRQNLItGBBV4AaABAg.9VlwPU77o0p9W8BC1qaany,1,2021-12-19T13:54:15Z,,UgzcKwj-XRQNLItGBBV4AaABAg,Saya buta kalau lihat isi dompet.bas d buka kelihatan kosong.baru kemarin tanggal 1 melihat uang d dompet
@yuichirogaming3652,UgzCjrr8GvFJR-NpGD14AaABAg,0,2021-12-10T11:28:42Z,0,,Kalo buta cinta gimana pula?
@ekaofficial04,UgyAK67xAMyj6iJgORx4AaABAg,45,2021-12-10T11:09:14Z,4,,"Bagus banget sih penjelasannya, mudah untuk di pahami"
@anekabelajar158,UgyAK67xAMyj6iJgORx4AaABAg.9Vli9YO9qRJ9VnCqNdzRq9,1,2021-12-11T01:05:20Z,,UgyAK67xAMyj6iJgORx4AaABAg,Setuju kka
@dewabumiteja29,UgyAK67xAMyj6iJgORx4AaABAg.9Vli9YO9qRJ9WBnpj3GWq4,0,2021-12-20T23:38:19Z,,UgyAK67xAMyj6iJgORx4AaABAg,Iy
@fly1653,UgyAK67xAMyj6iJgORx4AaABAg.9Vli9YO9qRJ9_rn2ZDU9W1,0,2022-04-16T02:24:23Z,,UgyAK67xAMyj6iJgORx4AaABAg,Iya mantap
@syahbudinudin620,UgyAK67xAMyj6iJgORx4AaABAg.9Vli9YO9qRJ9wMWR6fVvce,0,2023-10-27T05:36:50Z,,UgyAK67xAMyj6iJgORx4AaABAg,Y
@mmtr6260,UgwI2GSN_koZh67obrN4AaABAg,0,2021-12-10T11:05:17Z,0,,First
@xiaovinn9092,UgyhNRPziffy-e8mtct4AaABAg,0,2021-12-10T11:05:01Z,0,,Komentar+penonton pertama ni dok üòçüôè
